Latitude,Longitude,U_S_R_I,j_id
34.868687999999900,-87.604141700000000,02_001,10
34.868040399999900,-86.203037100000000,02_007,15
34.027808899999900,-85.711041399999900,02_008,21
33.454955099999900,-86.601091499999900,02_014,55
33.526318500000000,-87.004462300000000,02_017,36
33.476553699999900,-88.171218900000000,02_019,41
32.442715000000000,-87.215833399999900,02_022,91
32.131240699999900,-86.275498900000000,02_024,105
32.659429699999900,-86.701771399999900,02_025,80
32.589024500000000,-86.130777699999900,02_026,81
32.311613100000000,-85.553085300000000,02_027,86
32.885464700000000,-85.204458900000000,02_028,66
32.147307699999900,-85.062644899999900,02_029,96
30.997707200000000,-86.885831600000000,02_035,126
31.318067299999900,-87.120313199999900,02_038,115
33.115604699999900,-87.100753900000000,02_043,65
33.137960700000000,-87.820527400000000,02_047,56
32.680782700000000,-88.122930900000000,02_048,71
31.292607499999900,-88.385159999999900,02_052,120
31.222396900000000,-86.099429499999900,02_054,121
31.667603700000000,-85.650871899999900,02_055,106
33.263825099999900,-87.424138299999900,02_060,50
34.929230699999900,-86.988762899999900,02_072,5
34.212691800000000,-86.473441300000000,02_105,30
33.629635700000000,-85.746657900000000,02_111,31
34.288406700000000,-88.067557899999900,02_201,16
30.803493000000000,-87.637437500000000,02_218,131
34.985987700000000,-114.483115900000000,06_012,150
34.727074700000000,-113.918822899999000,06_013,160
33.656203699999900,-114.216964899999000,06_018,175
33.703474900000000,-112.272336300000000,06_020,166
32.833281499999900,-114.398854600000000,06_024,191
32.928561700000000,-113.541335900000000,06_025,186
32.034340700000000,-110.303115899999000,06_028,201
32.499687700000000,-109.336844900000000,06_029,196
31.517597700000000,-110.794952899999000,06_032,210
34.231817399999900,-113.597547599999000,06_063,161
33.231447699999900,-114.668276000000000,06_068,176
35.554156499999900,-113.376017200000000,06_107,140
35.230795700000000,-112.585967900000000,06_108,141
34.837996400000000,-111.438285500000000,06_115,151
32.958312700000000,-111.333472900000000,06_127,181
33.375575699999900,-93.470687900000000,07_005,290
33.696987700000000,-94.122947900000000,07_007,285
34.926939699999900,-90.506569900000000,07_008,260
34.048739699999900,-91.499541899999900,07_010,280
34.034492700000000,-93.251395900000000,07_013,271
34.970440699999900,-94.044027900000000,07_015,251
35.911460300000000,-91.342635200000000,07_019,225
35.633083700000000,-92.718269899999900,07_020,235
35.426398499999900,-93.664089700000000,07_022,236
35.780677699999900,-93.069640899999900,07_023,216
35.351415899999900,-94.331823600000000,07_024,241
36.120613700000000,-93.280227900000000,07_028,215
34.700808299999900,-91.707737100000000,07_109,261
34.702381500000000,-92.800733300000000,07_111,266
35.159934700000000,-93.424827899999900,07_901,250
35.692342699999900,-93.821031399999900,07_902,230
41.822333200000000,-123.004705500000000,14_001,295
41.101406799999900,-121.257131500000000,14_003,300
35.180060699999900,-119.163901899999000,14_033,305
38.045350700000000,-122.866897899999000,14_071,310
33.220050700000000,-115.484778899999000,14_089,315
33.199086899999900,-116.786285300000000,14_106,316
32.611999699999900,-116.200233900000000,14_137,321
36.050985099999900,-116.500417700000000,14_139,326
41.235146800000000,-120.336829499999000,14_151,331
38.768760700000000,-120.925315900000000,14_153,340
37.514136499999900,-121.159735200000000,14_155,341
39.566485700000000,-123.398291900000000,14_160,346
40.493290299999900,-120.108000599999000,14_162,355
41.733278700000000,-120.375312899999000,14_165,356
41.822400399999900,-122.011114199999000,14_168,365
41.400097899999900,-122.049973399999000,14_175,366
41.819006700000000,-121.069261699999000,14_176,371
41.529575700000000,-120.171851899999000,14_177,380
40.027959699999900,-122.638725899999000,14_179,381
40.201761300000000,-120.623502000000000,14_181,390
39.687836799999900,-123.484892000000000,14_182,395
39.560219699999900,-120.828010899999000,14_185,400
38.549873400000000,-122.719302999999000,14_186,401
38.769411699999900,-120.447386899999000,14_188,406
37.252170300000000,-121.677434099999000,14_189,415
37.983493899999900,-120.645257799999000,14_190,420
37.120121699999900,-119.701369900000000,14_191,425
38.340771699999900,-123.048064900000000,14_193,430
41.740168699999900,-122.633414900000000,14_198,431
40.818849700000000,-121.570036900000000,14_201,436
40.040227899999900,-120.996181800000000,14_415,456
36.010599700000000,-118.121360899999000,14_423,470
40.154163699999900,-120.545340400000000,14_436,465
41.902424699999900,-122.563117899999000,14_900,445
41.520920699999900,-122.520217900000000,14_901,450
41.882434400000000,-123.819296100000000,14_902,455
33.925017699999900,-115.926901900000000,14_907,471
40.153185899999900,-106.874917999999000,17_003,521
40.509082700000000,-105.039229899999000,17_004,501
40.209639600000000,-103.440258000000000,17_006,511
39.400342700000000,-108.812362899999000,17_008,570
39.243807300000000,-106.761065700000000,17_010,590
39.220979600000000,-105.279199399999000,17_011,581
39.379841700000000,-104.369156700000000,17_012,576
39.856885699999900,-103.649376899999000,17_013,541
38.694789000000000,-108.139050699999000,17_015,620
38.513727699999900,-106.755072900000000,17_017,611
38.143771700000000,-102.521232900000000,17_021,631
37.214950700000000,-107.791808900000000,17_023,690
40.065300600000000,-108.415387100000000,17_031,536
40.138025599999900,-107.969771899999000,17_032,526
40.879684699999900,-106.459189899999000,17_033,500
40.263114700000000,-102.718207899999000,17_037,520
39.840758700000000,-104.188667899999000,17_042,550
39.388307699999900,-102.427451899999000,17_044,595
38.592051699999900,-106.917497900000000,17_046,606
38.511252100000000,-106.554206100000000,17_047,625
38.982810999999900,-105.574673799999000,17_048,600
38.694517699999900,-104.071593899999000,17_049,605
37.790748700000000,-108.020438900000000,17_052,655
37.181084900000000,-105.745964599999000,17_055,671
37.218270699999900,-103.520469899999000,17_057,666
37.105213700000000,-102.579658899999000,17_058,685
37.625666699999900,-104.310065899999000,17_126,665
40.210172700000000,-107.033140399999000,17_202,535
40.856615699999900,-104.542014899999000,17_205,480
40.614144699999900,-102.084564900000000,17_207,486
39.646814800000000,-107.616966199999000,17_209,551
39.373984999999900,-103.786723699999000,17_213,571
38.367403699999900,-105.229072900000000,17_218,640
38.295868800000000,-102.738116599999000,17_221,630
37.780185699999900,-108.088844899999000,17_222,654
37.520184700000000,-103.111289900000000,17_227,660
37.164008699999900,-102.276649899999000,17_228,680
40.862700500000000,-104.639007300000000,17_305,495
40.349269700000000,-103.799766899999000,17_306,506
39.443327699999900,-108.954894899999000,17_308,565
39.723853699999900,-104.377353499999000,17_312,560
38.068776700000000,-108.460830900000000,17_315,645
40.812062699999900,-104.791221899999000,17_901,481
41.702603699999900,-72.515996900000000,18_003,701
41.777187699999900,-72.135404899999900,18_007,696
41.549344300000000,-73.216739200000000,18_008,711
41.538712699999900,-73.500939900000000,18_009,720
41.583297700000000,-72.851232899999900,18_015,706
41.737878799999900,-72.927042200000000,18_102,691
39.500303700000000,-75.686067899999900,21_001,725
38.959441699999900,-75.536611899999900,21_003,731
38.748053700000000,-75.289948899999900,21_010,726
38.732403699999900,-75.463850899999900,21_109,740
30.929181199999900,-87.407943399999900,25_001,760
30.528840400000000,-85.133454099999900,25_004,790
30.337249700000000,-85.286978899999900,25_005,775
30.273463199999900,-83.856968400000000,25_010,781
29.668698899999900,-83.378206199999900,25_011,816
29.191619899999900,-82.394801999999900,25_014,836
29.987764100000000,-84.976287900000000,25_015,815
29.889942699999900,-81.343811900000000,25_018,810
29.897069699999900,-81.834304900000000,25_021,830
28.178840699999900,-81.860565899999900,25_022,851
27.323286599999900,-81.418950300000000,25_024,875
28.748118699999900,-80.871230900000000,25_025,850
27.661037199999900,-82.146228600000000,25_027,870
26.965732299999900,-80.385463500000000,25_031,876
30.253198900000000,-82.162354600000000,25_037,795
30.720928900000000,-86.786049399999900,25_052,746
30.718479700000000,-86.116069600000000,25_053,755
30.533547400000000,-85.242641500000000,25_054,761
30.949810700000000,-85.741989899999900,25_055,741
30.292950800000000,-83.667605300000000,25_056,776
29.946822600000000,-84.340942999999900,25_062,805
28.647107200000000,-82.171936700000000,25_066,845
27.761154600000000,-81.453635300000000,25_073,856
26.558754900000000,-81.126711000000000,25_081,890
30.324257800000000,-85.005208499999900,25_108,766
29.455357400000000,-82.119094000000000,25_113,835
25.138871600000000,-80.933533299999900,25_135,900
27.861075199999900,-80.448997700000000,25_175,861
30.263444499999900,-84.655224200000000,25_901,800
26.335390600000000,-80.539901799999900,25_912,895
26.994129699999900,-80.573767399999900,25_919,881
29.679682900000000,-85.215292000000000,25_921,821
30.873381699999900,-81.575507900000000,27_001,975
31.745647699999900,-84.719894900000000,27_010,965
32.736631400000000,-82.765286500000000,27_013,950
31.290612700000000,-84.405806900000000,27_021,966
34.054525400000000,-84.786855900000000,27_027,911
33.519704500000000,-83.095734100000000,27_031,930
33.487653799999900,-82.199712800000000,27_032,921
32.182329699999900,-84.268279899999900,27_033,960
33.538199499999900,-85.253356699999900,27_036,920
34.764270699999900,-84.068709900000000,27_040,906
34.917277700000000,-83.407478900000000,27_041,905
33.105314499999900,-83.812212500000000,27_046,935
33.029122899999900,-82.830970399999900,27_048,936
32.174704300000000,-82.952980100000000,27_050,951
32.889969999999900,-82.367203700000000,27_051,945
30.665321700000000,-83.801119999999900,27_057,976
48.581791699999900,-116.397490899999000,33_001,981
47.250527200000000,-115.810926800000000,33_003,986
45.034109500000000,-113.562482900000000,33_010,991
44.457203399999900,-115.097970200000000,33_012,996
44.722358999999900,-113.520360499999000,33_014,1001
43.455340999999900,-116.096200499999000,33_017,1006
43.461931900000000,-113.563000599999000,33_020,1011
43.534311600000000,-111.701027199999000,33_022,1016
42.331156399999900,-114.279453200000000,33_025,1021
42.854816599999900,-112.519388000000000,33_027,1026
48.479789699999900,-116.849250900000000,33_029,1031
44.413896100000000,-116.031561100000000,33_111,1036
42.953921999999900,-115.212457299999000,33_124,1041
42.961315399999900,-111.718550800000000,33_128,1046
45.342079200000000,-115.947593900000000,33_208,1051
44.195700199999900,-116.508725400000000,33_211,1056
44.960084700000000,-115.493347900000000,33_212,1061
44.233000400000000,-113.370482400000000,33_214,1066
43.413513199999900,-115.361024499999000,33_218,1071
43.400782100000000,-114.252263999999000,33_219,1076
43.338726500000000,-113.874362099999000,33_220,1081
43.812426700000000,-112.396011900000000,33_221,1086
43.824816200000000,-111.200610600000000,33_222,1091
42.431685000000000,-114.088832199999000,33_225,1096
43.521597000000000,-112.650360000000000,33_901,1101
43.743192000000000,-112.842386899999000,33_903,1106
43.560201900000000,-112.872158799999000,33_904,1111
42.159317700000000,-89.332150200000000,34_002,1125
42.071105699999900,-89.075631200000000,34_003,1135
41.184933299999900,-89.456860899999900,34_009,1195
41.335622600000000,-89.708596499999900,34_011,1190
41.650225399999900,-89.017572500000000,34_012,1141
41.083481800000000,-88.832571799999900,34_013,1171
41.933584699999900,-88.187980899999900,34_014,1136
41.166340699999900,-88.185281900000000,34_015,1185
41.530721999999900,-88.574321400000000,34_016,1150
41.218766400000000,-87.581602700000000,34_017,1170
41.468659100000000,-87.964599000000000,34_018,1155
40.213720500000000,-91.182997799999900,34_020,1241
40.651449700000000,-90.981401899999900,34_022,1216
40.917076199999900,-90.033151599999900,34_023,1230
40.860288099999900,-90.508779399999900,34_024,1210
40.930548799999900,-89.793884100000000,34_026,1196
40.604546399999900,-89.317516699999900,34_027,1235
40.927549800000000,-88.950689999999900,34_029,1225
40.078781700000000,-88.558479899999900,34_030,1251
40.714384600000000,-88.563768199999900,34_031,1211
40.898532799999900,-88.675428400000000,34_032,1201
39.989798800000000,-90.345120899999900,34_036,1265
39.418724099999900,-90.166004099999900,34_037,1290
39.799576999999900,-90.410910400000000,34_038,1280
39.575367800000000,-89.515808800000000,34_040,1275
39.480084099999900,-89.269007099999900,34_041,1285
39.399867399999900,-89.204984400000000,34_042,1295
39.314920399999900,-88.195176000000000,34_046,1305
39.615329799999900,-88.386564899999900,34_047,1266
38.385182800000000,-90.258732600000000,34_049,1340
38.525620099999900,-89.819342199999900,34_050,1345
38.698136699999900,-89.536483599999900,34_051,1315
38.669971699999900,-89.660244399999900,34_052,1321
38.351197800000000,-89.294302599999900,34_053,1326
38.677290399999900,-88.428735599999900,34_057,1316
37.232591399999900,-89.235268500000000,34_059,1371
37.970843299999900,-89.747509100000000,34_060,1355
37.319886099999900,-88.943778199999900,34_061,1361
37.599724799999900,-88.506358899999900,34_062,1360
37.073041699999900,-88.519303300000000,34_063,1376
42.140161599999900,-89.764886099999900,34_065,1126
42.399475400000000,-88.915467399999900,34_066,1116
41.341060300000000,-90.530771900000000,34_067,1176
41.484455199999900,-89.083386899999900,34_068,1160
41.311436000000000,-88.590346400000000,34_069,1161
40.057240499999900,-91.127304800000000,34_070,1260
40.304523900000000,-90.135720699999900,34_071,1240
40.083993599999900,-89.824975699999900,34_072,1246
39.288838499999900,-90.550607999999900,34_074,1296
39.398800199999900,-89.831311799999900,34_075,1310
38.320123000000000,-89.703702800000000,34_078,1331
38.039391600000000,-88.208110399999900,34_079,1350
37.202654799999900,-89.274296000000000,34_080,1366
41.025488699999900,-86.280837899999900,35_005,1400
41.725907700000000,-85.676010899999900,35_006,1386
41.602456699999900,-84.939407900000000,35_009,1381
40.679077900000000,-87.363399299999900,35_010,1411
40.407649100000000,-87.036121600000000,35_011,1416
40.707850700000000,-86.813963900000000,35_012,1406
40.584265100000000,-86.184219799999900,35_013,1401
40.149518700000000,-86.695925599999900,35_014,1421
40.033044699999900,-85.544974900000000,35_016,1426
39.331986700000000,-87.374335900000000,35_021,1445
39.533020499999900,-87.143875600000000,35_022,1435
39.079142900000000,-86.342984900000000,35_023,1436
38.774466699999900,-86.764778899999900,35_035,1451
38.663126699999900,-85.941039900000000,35_038,1465
38.267294300000000,-86.146359200000000,35_039,1470
38.779582599999900,-85.094069300000000,35_040,1450
38.634715600000000,-85.747169900000000,35_041,1456
41.636888700000000,-86.365515900000000,35_103,1395
40.769892200000000,-91.679796300000000,36_001,1555
40.652733200000000,-92.886480399999900,36_002,1541
40.888710500000000,-93.171742699999900,36_003,1536
40.571256699999900,-94.642683899999900,36_004,1546
41.975174699999900,-90.296415900000000,36_006,1510
41.568738900000000,-91.270383800000000,36_007,1525
41.658601699999900,-94.144454899999900,36_013,1516
41.717632700000000,-94.086188899999900,36_014,1511
41.448366700000000,-95.726530900000000,36_015,1530
41.131129199999900,-95.346618599999900,36_016,1535
42.966333400000000,-93.852496299999900,36_022,1490
42.041859000000000,-94.571273000000000,36_024,1505
42.490243700000000,-96.374381900000000,36_028,1495
43.238851699999900,-94.009513900000000,36_032,1485
43.040521699999900,-95.584473900000000,36_033,1476
43.257469700000000,-96.275688900000000,36_034,1475
42.166380699999900,-93.346960899999900,36_123,1500
37.032138099999900,-94.995042400000000,38_001,1661
37.849332699999900,-95.500815900000000,38_003,1630
37.984754700000000,-96.393615900000000,38_004,1611
37.319035200000000,-97.349158000000000,38_006,1631
37.232208700000000,-97.258202900000000,38_007,1655
37.927184699999900,-98.830328899999900,38_008,1621
37.164522699999900,-99.272292899999900,38_010,1646
37.133408699999900,-99.741317899999900,38_011,1656
37.958925700000000,-101.431648899999000,38_012,1616
38.993952700000000,-96.900260900000000,38_016,1586
38.362323400000000,-96.560573300000000,38_017,1610
38.463655299999900,-98.977636300000000,38_020,1601
38.551510700000000,-98.035192899999900,38_021,1600
39.583102400000000,-100.329592500000000,38_025,1575
39.080543800000000,-95.567104200000000,38_026,1585
39.251508000000000,-95.534736899999900,38_027,1576
39.900080699999900,-96.871140900000000,38_028,1561
39.769090599999900,-96.026951900000000,38_029,1566
39.936755300000000,-97.012414399999900,38_030,1556
37.314393699999900,-100.435087899999000,38_037,1636
37.300344699999900,-96.101227899999900,38_105,1645
38.914732700000000,-97.368751900000000,38_118,1595
36.608285700000000,-83.701797900000000,39_001,1741
36.906837500000000,-88.862263799999900,39_002,1750
36.689626699999900,-88.180875900000000,39_003,1730
36.664254999999900,-87.008871299999900,39_005,1736
36.990746899999900,-86.631415200000000,39_006,1720
36.819437700000000,-85.716995900000000,39_008,1711
36.700780700000000,-85.269935899999900,39_009,1735
36.821168700000000,-84.833990900000000,39_011,1725
37.390467999999900,-84.661233199999900,39_021,1710
37.984966800000000,-84.813705400000000,39_023,1685
37.412645699999900,-85.128409899999900,39_025,1700
37.819985500000000,-86.896159299999900,39_029,1695
37.716359699999900,-87.694748899999900,39_035,1686
37.329942699999900,-88.326157899999900,39_036,1705
38.434495699999900,-84.163363700000000,39_040,1666
38.205149300000000,-83.929576299999900,39_044,1676
38.269811699999900,-85.204261900000000,39_137,1671
30.880125100000000,-90.249154099999900,42_010,1776
30.831572699999900,-93.318428900000000,42_016,1785
31.188727499999900,-91.671576500000000,42_017,1766
31.979295799999900,-91.444043500000000,42_018,1765
32.460268700000000,-92.621588900000000,42_026,1760
30.398603699999900,-91.510116900000000,42_033,1795
32.485677600000000,-91.426971899999900,42_038,1751
29.692489800000000,-89.966946100000000,42_101,1801
29.755959699999900,-90.558830900000000,42_104,1796
31.066092800000000,-93.495841900000000,42_122,1771
30.412879600000000,-91.195709500000000,42_903,1790
43.499424699999900,-70.515009899999900,44_003,1841
44.925816699999900,-70.957991899999900,44_006,1830
44.626172699999900,-70.961407899999900,44_007,1835
44.334029700000000,-70.290825900000000,44_013,1836
44.987619899999900,-69.436020799999900,44_019,1821
45.077683399999900,-70.212882300000000,44_032,1816
45.613321700000000,-68.533044899999900,44_041,1815
46.551402500000000,-68.780581100000000,44_056,1806
39.504146800000000,-79.155778499999900,46_001,1846
39.438784300000000,-79.169865900000000,46_003,1855
39.542931199999900,-78.601479100000000,46_004,1926
39.612971700000000,-77.865501899999900,46_006,1931
39.578000899999900,-77.548997099999900,46_008,1856
39.714835899999900,-77.330434699999900,46_009,1936
39.151445699999900,-77.093026899999900,46_011,1861
39.516536000000000,-77.038430399999900,46_013,1866
39.642312099999900,-77.023622799999900,46_014,1871
39.635962399999900,-76.969279200000000,46_015,1876
39.551570499999900,-76.813789600000000,46_016,1941
38.602138699999900,-77.078034900000000,46_030,1885
38.596074199999900,-77.055873199999900,46_031,1946
39.628082999999900,-76.006850000000000,46_032,1890
39.520829999999900,-75.942279999999900,46_033,1891
39.276508999999900,-75.764008200000000,46_035,1900
39.264094700000000,-76.148126899999900,46_036,1905
39.103119999999900,-76.192383000000000,46_037,1951
38.783977000000000,-75.884505599999900,46_038,1956
38.821111700000000,-75.933113899999900,46_039,1910
38.786319300000000,-76.075194999999900,46_040,1915
38.460749399999900,-76.199799700000000,46_041,1920
38.367690799999900,-76.243265600000000,46_042,1961
38.525863700000000,-76.210102300000000,46_043,1966
38.520329699999900,-75.796425600000000,46_044,1971
38.165192400000000,-75.579702699999900,46_047,1976
38.225673600000000,-75.266337199999900,46_048,1981
39.673381900000000,-79.163222899999900,46_051,1986
39.337773700000000,-79.310188900000000,46_052,1991
39.721682800000000,-78.926226900000000,46_053,1996
39.639986299999900,-78.476274599999900,46_054,2001
39.691935899999900,-78.410242800000000,46_055,2006
39.539940899999900,-79.166238699999900,46_102,2011
39.030889700000000,-77.016909900000000,46_110,1925
38.988894500000000,-76.669527500000000,46_123,2020
41.750875999999900,-70.165625500000000,47_001,2046
41.938608700000000,-71.079920900000000,47_005,2055
42.519969699999900,-71.530573899999900,47_009,2026
42.006733400000000,-71.118450999999900,47_011,2045
42.613808599999900,-72.279889600000000,47_017,2021
42.376174300000000,-72.847492299999900,47_019,2031
41.344072699999900,-70.782898900000000,47_102,2056
42.444774600000000,-71.848634599999900,47_112,2040
47.119140700000000,-88.345955900000000,49_004,2061
46.345948499999900,-86.259401900000000,49_015,2066
44.430799999999900,-86.128361400000000,49_017,2071
43.904060700000000,-86.218645400000000,49_018,2076
43.436902699999900,-86.236670899999900,49_019,2081
41.873803700000000,-86.550093899999900,49_022,2086
46.143942500000000,-85.383711500000000,49_025,2091
42.596037600000000,-85.134165999999900,49_032,2096
43.060216699999900,-85.887214900000000,49_033,2101
42.252658500000000,-85.413613499999900,49_035,2106
42.049331700000000,-85.723432900000000,49_036,2111
43.596193700000000,-85.125657899999900,49_038,2116
41.765368600000000,-85.750539799999900,49_039,2121
46.339824600000000,-84.791860499999900,49_040,2126
46.215593699999900,-84.363433900000000,49_041,2131
43.089985700000000,-84.660032900000000,49_052,2136
42.101306500000000,-84.808189200000000,49_055,2141
42.583498700000000,-84.168745900000000,49_056,2146
44.333991400000000,-83.680846599999900,49_061,2151
43.514147800000000,-82.674595999999900,49_070,2156
42.658465700000000,-82.897262900000000,49_073,2161
43.706941700000000,-85.435323900000000,49_131,2166
43.714457699999900,-85.405785899999900,49_900,2171
46.197522700000000,-89.072264899999900,49_901,2176
42.623411699999900,-86.073836900000000,49_907,2181
46.506602700000000,-88.730003900000000,49_908,2186
43.813985799999900,-91.690445499999900,50_001,2326
43.817968200000000,-93.499344399999900,50_003,2316
44.659600599999900,-93.333730099999900,50_008,2296
44.974215000000000,-93.471591000000000,50_009,2290
44.629953700000000,-94.031470900000000,50_010,2301
44.300918699999900,-94.301185899999900,50_011,2311
44.528876699999900,-95.199264900000000,50_012,2291
45.604932300000000,-93.882866899999900,50_015,2276
45.102575500000000,-93.471451200000000,50_016,2285
46.704186000000000,-92.639420599999900,50_022,2270
46.802045600000000,-94.513581900000000,50_025,2256
46.754646999999900,-94.365016999999900,50_026,2261
46.441006899999900,-95.988879499999900,50_027,2271
46.745660600000000,-95.476936800000000,50_028,2251
46.920086599999900,-96.610947100000000,50_029,2241
47.731365400000000,-90.703063000000000,50_032,2231
47.705186800000000,-91.539845299999900,50_033,2226
47.068483499999900,-92.986272900000000,50_035,2246
47.340269999999900,-93.639939999999900,50_037,2240
47.781931000000000,-95.132293000000000,50_042,2220
47.513629299999900,-96.633628799999900,50_043,2215
48.959480700000000,-94.992758899999900,50_047,2196
48.265802299999900,-94.553415599999900,50_048,2206
48.782359800000000,-96.073313600000000,50_051,2205
43.601620699999900,-92.529273900000000,50_054,2331
43.688458199999900,-93.019466600000000,50_055,2321
44.138854700000000,-96.164530099999900,50_062,2306
47.553234400000000,-91.342573999999900,50_072,2336
47.762220300000000,-92.000290699999900,50_073,2221
48.785485600000000,-95.308616700000000,50_081,2191
45.508844699999900,-93.721136900000000,50_900,2341
33.150732599999900,-88.624113600000000,51_023,2355
30.815836699999900,-88.768439900000000,51_030,2365
33.558945700000000,-89.390258900000000,51_113,2346
30.619340699999900,-89.510979899999900,51_119,2356
30.498775699999900,-88.799268900000000,51_229,2370
36.593689699999900,-90.747986900000000,52_002,2481
37.306626899999900,-89.526555000000000,52_007,2460
37.259858500000000,-90.307492300000000,52_008,2446
37.375960700000000,-91.552926900000000,52_010,2465
37.903978700000000,-91.423927899999900,52_011,2435
38.916036699999900,-91.610093899999900,52_019,2411
38.586041100000000,-92.434843000000000,52_021,2430
39.457147700000000,-92.189360899999900,52_027,2396
39.429449599999900,-92.556786900000000,52_028,2410
40.090381700000000,-93.556343900000000,52_035,2376
36.962378100000000,-90.549055899999900,52_052,2466
36.728991700000000,-90.989411899999900,52_053,2471
36.642920699999900,-92.974472899999900,52_054,2476
37.240860900000000,-89.807546700000000,52_056,2451
37.679170700000000,-90.076345900000000,52_057,2445
38.351240699999900,-91.806037900000000,52_061,2421
39.794832700000000,-93.126740900000000,52_066,2390
39.397020699999900,-94.501029900000000,52_067,2401
40.168138700000000,-92.515441899999900,52_068,2371
40.100256700000000,-94.142218900000000,52_070,2385
37.670156700000000,-90.646748400000000,52_109,2440
38.446416700000000,-93.221122899999900,52_122,2416
39.713141700000000,-94.066229899999900,52_131,2395
48.108018700000000,-114.461928900000000,53_002,2520
48.957683699999900,-112.325392899999000,53_004,2490
48.061000300000000,-110.332178200000000,53_006,2521
48.296789699999900,-109.064833899999000,53_007,2510
48.382435700000000,-108.714409900000000,53_008,2501
48.204575100000000,-106.533432599999000,53_010,2511
48.059693099999900,-105.994659100000000,53_011,2526
48.838220700000000,-104.841994900000000,53_012,2500
47.299722699999900,-115.104454899999000,53_013,2545
47.182475699999900,-113.948989900000000,53_015,2560
47.787409699999900,-109.415083899999000,53_019,2531
47.548833000000000,-105.812315999999000,53_023,2550
47.469569700000000,-104.152701899999000,53_024,2555
46.917537699999900,-114.462691899999000,53_025,2565
46.723693300000000,-113.668158300000000,53_026,2585
46.620513699999900,-112.494949899999000,53_027,2571
46.123546699999900,-111.918860899999000,53_028,2601
46.329590699999900,-110.051527899999000,53_029,2600
46.583533699999900,-107.064079899999000,53_032,2570
46.257945399999900,-106.693940100000000,53_033,2586
46.497388800000000,-105.089533799999000,53_034,2576
45.576140700000000,-110.787894899999000,53_039,2616
45.725170700000000,-109.546654300000000,53_040,2615
45.944078699999900,-105.413067200000000,53_044,2610
45.310776199999900,-104.465038300000000,53_045,2625
47.660172699999900,-114.134558900000000,53_074,2540
44.561141300000000,-112.710892999999000,53_097,2626
48.698669199999900,-114.192977200000000,53_800,2493
46.198834699999900,-108.451149900000000,53_908,2595
40.552044700000000,-95.794752900000000,54_001,2711
40.465091200000000,-96.066879799999900,54_002,2720
40.640675700000000,-98.876067899999900,54_007,2701
40.937645300000000,-99.502303200000000,54_008,2710
41.176406299999900,-96.139152800000000,54_012,2695
41.343510000000000,-96.081249999999900,54_013,2686
41.163072700000000,-97.349807900000000,54_014,2700
41.886510700000000,-98.036331899999900,54_017,2680
42.191570200000000,-96.735492300000000,54_022,2660
42.769535300000000,-98.598812400000000,54_025,2635
42.653420699999900,-98.676985900000000,54_026,2636
42.021566999999900,-99.462429299999900,54_027,2661
42.279664900000000,-101.720861799999000,54_029,2646
42.652164700000000,-100.536660600000000,54_031,2645
40.057203700000000,-101.549994900000000,54_036,2725
41.721805099999900,-100.770509500000000,54_037,2685
41.698024699999900,-103.986808900000000,54_040,2671
42.005910600000000,-101.046568899999000,54_042,2666
42.180621700000000,-102.781501899999000,54_043,2655
40.168621700000000,-117.187277899999000,55_009,2741
39.004444200000000,-117.466253600000000,55_015,2751
37.695938699999900,-114.746108899999000,55_028,2760
35.708711800000000,-114.711060399999000,55_033,2770
39.943255399999900,-119.383474600000000,55_045,2746
41.833551000000000,-119.669610800000000,55_101,2726
41.590518699999900,-119.305366899999000,55_903,2736
36.490730700000000,-116.343207899999000,55_906,2765
41.772306600000000,-119.119934599999000,55_907,2731
42.901508499999900,-71.866120199999900,58_001,2856
42.800776399999900,-72.168599799999900,58_003,2865
43.232141700000000,-70.913459900000000,58_004,2850
43.184155099999900,-71.686611999999900,58_005,2831
43.249432700000000,-71.619195899999900,58_007,2821
43.249921899999900,-71.198277700000000,58_008,2836
43.374260700000000,-71.607043599999900,58_009,2816
43.414617700000000,-71.204272000000000,58_010,2815
43.456816500000000,-71.880598199999900,58_011,2806
43.026396300000000,-72.381481699999900,58_013,2851
43.076823599999900,-72.212116199999900,58_014,2841
43.504571100000000,-72.131888500000000,58_015,2830
44.357186700000000,-71.388501899999900,58_017,2791
44.179877699999900,-71.706307899999900,58_018,2805
44.607576399999900,-71.319012900000000,58_019,2786
44.683280699999900,-71.586876200000000,58_020,2781
44.867281100000000,-71.300639599999900,58_021,2776
44.997295100000000,-71.374669100000000,58_022,2775
44.096910700000000,-71.353730900000000,58_116,2796
39.831415700000000,-75.146218899999900,59_001,2911
39.385263399999900,-75.349471500000000,59_002,2916
39.531414900000000,-75.107459399999900,59_003,2925
40.167221699999900,-74.062779899999900,59_013,2896
40.657268700000000,-75.099759899999900,59_020,2881
41.307394700000000,-74.677274900000000,59_021,2870
40.988481200000000,-74.385197099999900,59_022,2876
40.714019499999900,-74.719871600000000,59_023,2891
40.655629699999900,-74.404488900000000,59_024,2890
39.751122400000000,-74.585006000000000,59_028,2901
39.485959700000000,-74.561704899999900,59_029,2910
39.295394500000000,-74.554795100000000,59_030,2930
40.883360300000000,-75.058972100000000,59_116,2871
36.167609700000000,-107.701361899999000,60_002,2956
36.520012700000000,-106.336052899999000,60_003,2955
36.079783700000000,-105.797584900000000,60_004,2961
36.588541700000000,-104.116409899999000,60_005,2950
36.727833699999900,-103.575041900000000,60_006,2945
35.523369700000000,-106.059271899999000,60_009,2996
35.574348700000000,-105.675598899999000,60_010,2995
34.638351100000000,-108.449897899999000,60_013,3010
34.109856399999900,-104.229705499999000,60_017,3026
34.020056699999900,-103.736784900000000,60_018,3031
33.926278400000000,-108.187606099999000,60_019,3060
33.749487000000000,-107.321713200000000,60_020,3041
33.689190699999900,-105.849370600000000,60_022,3061
33.089629700000000,-104.827095900000000,60_023,3086
33.314950400000000,-103.628088099999000,60_024,3080
32.324528899999900,-108.106758900000000,60_025,3131
32.380233699999900,-106.729453899999000,60_027,3121
32.957608700000000,-105.745701600000000,60_028,3096
32.655796700000000,-104.395713900000000,60_029,3106
31.928011600000000,-108.994158299999000,60_031,3136
36.606963100000000,-108.921468300000000,60_051,2931
35.979271699999900,-103.685599900000000,60_056,2966
35.746630500000000,-106.779464000000000,60_059,2971
35.660509599999900,-105.336124200000000,60_060,2981
34.507457199999900,-106.190902300000000,60_065,3020
34.463650700000000,-103.477683900000000,60_068,3015
33.644134000000000,-108.791090800000000,60_069,3075
33.715291700000000,-106.950223699999000,60_071,3051
33.681009600000000,-105.070613800000000,60_072,3070
33.743328699999900,-103.648444900000000,60_074,3046
32.397219700000000,-108.726631900000000,60_075,3120
32.920013699999900,-107.626524900000000,60_076,3095
32.842070300000000,-103.145055600000000,60_080,3101
31.835994700000000,-107.569518900000000,60_082,3145
35.266676699999900,-108.123978899999000,60_107,3005
35.655291599999900,-104.375164499999000,60_111,2976
35.402334500000000,-103.509226299999000,60_112,2986
34.110752400000000,-106.871562200000000,60_115,3021
32.533507700000000,-107.487655899999000,60_126,3111
32.471782699999900,-103.296012899999000,60_130,3130
36.606600700000000,-104.726050900000000,60_155,2940
33.995805500000000,-105.110650100000000,60_166,3036
33.178629700000000,-107.029799900000000,60_221,3081
42.436331699999900,-74.152016900000000,61_022,3246
42.731899700000000,-74.195134899999900,61_026,3200
42.569391000000000,-75.156018000000000,61_029,3245
42.347222700000000,-75.936666900000000,61_030,3256
42.318023699999900,-75.557035900000000,61_031,3261
42.036872000000000,-76.036147999999900,61_044,3295
42.282131999999900,-77.939947000000000,61_045,3266
42.904651000000000,-77.118887000000000,61_047,3230
42.779349699999900,-77.258162900000000,61_048,3210
42.665781000000000,-77.225106999999900,61_049,3255
42.680570699999900,-78.821609899999900,61_053,3205
42.619591999999900,-78.178397000000000,61_055,3216
42.276943699999900,-78.898978900000000,61_056,3271
42.595705700000000,-78.361166900000000,61_057,3231
42.624921999999900,-78.103786999999900,61_058,3211
42.054800700000000,-78.940857899999900,61_059,3276
43.069761700000000,-78.850654899999900,61_064,3195
43.257254699999900,-79.002296900000000,61_065,3171
43.261571000000000,-76.684877999999900,61_069,3176
43.662990999999900,-75.078218000000000,61_073,3165
43.455809700000000,-75.902392899999900,61_075,3166
43.199430999999900,-73.312308999999900,61_089,3190
43.217821000000000,-73.409238999999900,61_090,3181
43.532775700000000,-73.795391899999900,61_093,3160
44.435422699999900,-75.055708899999900,61_097,3155
44.431991699999900,-74.180716899999900,61_100,3146
42.607465699999900,-77.408567899999900,61_110,3221
42.084341999999900,-78.584377000000000,61_111,3286
42.078195700000000,-74.985227899999900,61_121,3285
42.591347700000000,-74.925247900000000,61_123,3236
34.957129999999900,-76.655159999999900,63_002,3441
34.132765700000000,-77.877546899999900,63_003,3466
34.534218899999900,-78.071624299999900,63_004,3455
34.320960499999900,-78.599236800000000,63_005,3465
35.969143699999900,-77.443470899999900,63_010,3340
35.281941400000000,-77.711277499999900,63_011,3420
35.675537200000000,-78.322080299999900,63_012,3361
35.416140700000000,-78.069895900000000,63_013,3391
35.989814899999900,-79.468852299999900,63_014,3345
35.917636999999900,-79.704496599999900,63_015,3380
35.429135700000000,-83.831664900000000,63_022,3405
36.254030899999900,-77.979561399999900,63_024,3306
36.059330500000000,-78.486335600000000,63_025,3316
36.289844700000000,-80.641501899999900,63_027,3305
35.316015999999900,-83.218608200000000,63_030,3410
36.016846299999900,-81.881519400000000,63_031,3321
33.922516799999900,-78.212516899999900,63_101,3471
35.863918699999900,-75.861159900000000,63_107,3370
35.691921899999900,-76.989643799999900,63_109,3356
35.374305100000000,-81.636168600000000,63_118,3396
35.827874700000000,-81.640533899999900,63_119,3346
35.586527300000000,-82.480343599999900,63_121,3371
36.376652300000000,-79.849873700000000,63_126,3296
34.931288100000000,-76.840601699999900,63_202,3440
34.590933300000000,-77.792872099999900,63_204,3446
34.401477700000000,-78.054877899999900,63_205,3456
35.524560299999900,-78.908587800000000,63_212,3385
35.316918100000000,-78.016936500000000,63_213,3415
35.928726500000000,-80.720808199999900,63_217,3331
35.508921899999900,-81.456477500000000,63_218,3386
35.910572500000000,-82.648610800000000,63_220,3355
35.999158700000000,-77.835653899999900,63_224,3326
36.089934599999900,-78.952091199999900,63_225,3311
35.102074700000000,-77.196008899999900,63_311,3425
35.009029699999900,-79.309279900000000,63_900,3426
35.039943100000000,-83.202340599999900,63_910,3432
46.153184899999900,-97.674675699999900,64_001,3476
46.485471699999900,-97.010054900000000,64_002,3481
46.340690700000000,-98.682815899999900,64_004,3486
46.806028699999900,-99.468803899999900,64_005,3491
47.845638000000000,-97.602924299999900,64_007,3496
47.961930700000000,-97.407743900000000,64_008,3501
47.080797300000000,-99.054567599999900,64_012,3506
48.456052399999900,-97.535620100000000,64_014,3511
48.281881700000000,-98.724638900000000,64_016,3516
48.747463500000000,-99.613370099999900,64_017,3521
48.267230699999900,-99.351310900000000,64_018,3526
47.272718699999900,-100.558739900000000,64_019,3531
48.444716700000000,-101.647231899999000,64_023,3536
48.864766699999900,-101.540550900000000,64_024,3541
48.269278700000000,-102.461432900000000,64_026,3546
48.400412699999900,-100.657393900000000,64_028,3551
46.198459000000000,-103.431805999999000,64_030,3556
47.234059700000000,-103.321357899999000,64_032,3561
47.617127699999900,-103.545097900000000,64_033,3566
45.944226499999900,-101.638711099999000,64_034,3571
46.104148700000000,-102.060821899999000,64_036,3576
46.775804700000000,-101.928351899999000,64_037,3581
48.589985700000000,-103.059226899999000,64_038,3586
48.662116699999900,-102.690681900000000,64_039,3591
47.746589700000000,-101.507720899999000,64_041,3596
47.646268700000000,-100.054283900000000,64_042,3601
46.603927700000000,-100.105636899999000,64_043,3606
48.849687099999900,-100.248918700000000,64_044,3611
46.725181800000000,-98.797371999999900,64_103,3616
46.487448700000000,-101.476570899999000,64_129,3621
41.386755700000000,-84.121657900000000,66_002,3626
41.250621700000000,-82.235493899999900,66_011,3631
41.680382100000000,-80.742074299999900,66_021,3636
41.371034899999900,-80.990007899999900,66_022,3641
40.980975700000000,-84.197288900000000,66_025,3646
40.246893999999900,-83.297898700000000,66_035,3651
40.460665300000000,-82.624990299999900,66_039,3656
40.878639600000000,-82.108350599999900,66_040,3661
40.460097699999900,-82.763962899999900,66_042,3666
39.993038700000000,-82.029450900000000,66_043,3671
40.278852800000000,-80.767879899999900,66_056,3676
39.361165200000000,-83.863701300000000,66_064,3681
39.152714300000000,-82.910778899999900,66_074,3686
39.965598600000000,-82.530573500000000,66_075,3691
39.230973700000000,-82.285379300000000,66_076,3696
39.893834699999900,-81.671889899999900,66_083,3701
38.669635800000000,-83.416351399999900,66_086,3706
41.544097200000000,-83.458003199999900,66_107,3711
41.325685700000000,-81.050598899999900,66_116,3716
38.686596299999900,-82.615086300000000,66_901,3722
39.375409200000000,-82.762610899999900,66_904,3726
40.638254799999900,-82.334414699999900,66_908,3731
34.915100700000000,-99.713783899999900,67_010,3811
35.842681700000000,-94.887625900000000,67_011,3776
35.726227700000000,-96.121810900000000,67_015,3785
35.551189000000000,-97.478190999999900,67_016,3795
35.175095700000000,-97.423613900000000,67_017,3806
36.929225700000000,-94.698248899999900,67_022,3740
36.917343700000000,-95.125631900000000,67_023,3755
36.409189699999900,-95.813409899999900,67_024,3770
36.587620399999900,-102.786602799999000,67_034,3765
34.987080700000000,-99.976257899999900,67_056,3825
35.230774699999900,-94.456083699999900,67_057,3805
35.970277699999900,-96.292984500000000,67_059,3790
35.348543700000000,-98.394591899999900,67_061,3796
36.651619699999900,-98.163458899999900,67_067,3756
36.776451700000000,-101.187682899999000,67_070,3746
36.777106699999900,-102.265571899999000,67_071,3745
34.376396700000000,-97.858801900000000,67_106,3826
36.361454700000000,-96.049368900000000,67_125,3771
34.765412900000000,-94.622320700000000,67_900,3820
34.248459900000000,-94.782070000000000,67_905,3831
45.383659899999900,-122.787557399999000,69_002,3860
45.078728099999900,-121.921813599999000,69_003,3881
45.721919999999900,-116.779594500000000,69_008,3855
44.216855600000000,-119.240849800000000,69_013,3906
43.366337700000000,-123.503730899999000,69_018,3930
43.907473699999900,-122.559333899999000,69_019,3920
43.164966499999900,-120.663781900000000,69_021,3931
42.668865099999900,-120.793357999999000,69_029,3941
45.280920700000000,-117.206267900000000,69_035,3861
45.255246800000000,-122.256368600000000,69_041,3866
45.679373699999900,-118.750121899999000,69_046,3846
44.417195700000000,-119.113418899999000,69_048,3915
42.014751699999900,-119.478004900000000,69_061,3956
42.957666699999900,-118.867797899999000,69_062,3940
46.024076700000000,-123.368286999999000,69_142,3836
44.491916900000000,-121.793870900000000,69_147,3891
45.332504700000000,-123.607162900000000,69_201,3880
45.222006600000000,-121.379883500000000,69_203,3871
44.295309199999900,-122.288757399999000,69_210,3901
44.461661300000000,-120.121066900000000,69_212,3896
43.639792700000000,-122.305938900000000,69_219,3925
42.618869599999900,-119.673692900000000,69_230,3950
44.970909900000000,-122.958950599999000,69_237,3890
42.577977799999900,-119.587848100000000,69_254,3951
45.790974700000000,-122.869881100000000,69_904,3841
41.637522799999900,-80.494540099999900,72_002,4040
41.081664199999900,-80.339244100000000,72_003,4081
41.714660400000000,-80.320456100000000,72_004,3985
41.805193699999900,-79.958237900000000,72_005,3976
41.533524700000000,-79.347099900000000,72_006,4011
41.752885700000000,-79.948134899999900,72_008,4020
41.635950800000000,-79.043327300000000,72_010,4060
41.399772700000000,-79.203147900000000,72_012,4055
41.697645199999900,-78.083460000000000,72_014,4035
41.560328699999900,-78.850562900000000,72_016,4001
41.737944700000000,-78.159331899999900,72_020,3995
41.272550699999900,-77.241570899999900,72_021,4080
41.658801699999900,-77.120346900000000,72_022,3986
41.553018000000000,-77.967223700000000,72_023,4006
41.071224700000000,-77.293999499999900,72_025,4086
41.643096700000000,-77.911038199999900,72_028,4030
41.312138699999900,-76.663815900000000,72_029,4066
41.874957400000000,-76.903318999999900,72_030,3975
41.958868799999900,-76.065860099999900,72_033,3966
41.441089699999900,-76.907339899999900,72_034,4046
41.228900000000000,-76.455999800000000,72_035,4071
41.115252699999900,-76.479247900000000,72_036,4095
41.705712699999900,-75.792779899999900,72_038,4041
41.941366600000000,-75.617202399999900,72_043,3961
40.847934299999900,-79.556989900000000,72_050,4106
40.489762700000000,-79.481185900000000,72_052,4166
40.965106499999900,-79.708959800000000,72_053,4121
40.667323400000000,-79.234994099999900,72_054,4145
40.475771700000000,-78.994346899999900,72_057,4186
40.335141000000000,-78.329528999999900,72_059,4195
40.914971199999900,-78.060823400000000,72_060,4096
40.428119000000000,-78.203531999999900,72_061,4215
40.446788800000000,-78.339499000000000,72_062,4176
40.571215700000000,-78.138627900000000,72_064,4151
40.376078700000000,-77.685202899999900,72_068,4181
40.701900700000000,-77.541570899999900,72_069,4126
40.057207699999900,-77.063828900000000,72_070,4225
40.568051699999900,-77.396903899999900,72_072,4156
40.787473200000000,-75.961000799999900,72_083,4111
40.168557000000000,-75.461025199999900,72_084,4201
40.804005699999900,-75.343590899999900,72_086,4116
39.930297199999900,-80.059507499999900,72_088,4275
39.874475699999900,-79.068816900000000,72_090,4255
39.780317699999900,-78.955748900000000,72_091,4250
39.916039699999900,-75.817831900000000,72_097,4231
41.451776700000000,-77.277594899999900,72_126,4065
41.546734999999900,-76.962825100000000,72_132,4025
40.374819700000000,-79.578148900000000,72_151,4220
40.198306700000000,-79.265624900000000,72_155,4230
40.326710599999900,-77.369584200000000,72_165,4210
40.502391699999900,-76.934526899999900,72_173,4161
40.429572499999900,-75.292245699999900,72_181,4175
40.228232700000000,-75.661191900000000,72_182,4196
39.985317299999900,-79.417463799999900,72_189,4245
39.866600699999900,-78.177168899999900,72_192,4265
39.981262100000000,-77.233965299999900,72_193,4240
39.744240400000000,-77.491157900000000,72_194,4256
39.769072700000000,-76.467008899999900,72_195,4270
41.617468700000000,-76.282776900000000,72_901,3996
40.829386999999900,-75.523152899999900,72_903,4101
40.686080599999900,-77.774208200000000,72_904,4135
40.703612600000000,-77.905085900000000,72_905,4146
40.650390899999900,-77.747232100000000,72_906,4136
32.251102400000000,-81.033458100000000,80_003,4301
34.194441900000000,-80.214171100000000,80_011,4290
34.661600300000000,-83.280509300000000,80_018,4276
33.806423899999900,-82.272950600000000,80_021,4291
32.952594699999900,-80.260947900000000,80_101,4296
34.547847699999900,-80.172896899999900,80_900,4285
43.330621499999900,-96.885677599999900,81_001,4366
43.949946699999900,-97.470222899999900,81_003,4346
44.232083600000000,-96.948673200000000,81_010,4341
45.848974699999900,-97.332267900000000,81_018,4315
45.733154900000000,-97.710349300000000,81_019,4330
45.854167500000000,-99.262904500000000,81_023,4320
43.820458400000000,-103.640174000000000,81_029,4351
44.212555700000000,-101.306724900000000,81_030,4336
43.741007099999900,-101.959118599999000,81_032,4360
45.545678000000000,-103.032788199999000,81_036,4325
45.834432700000000,-102.942679900000000,81_037,4310
44.372130700000000,-101.135177900000000,81_041,4335
43.586978700000000,-103.728462899999000,81_046,4365
36.417510100000000,-89.437927900000000,82_001,4381
35.361220699999900,-89.078713899999900,82_006,4465
35.411501299999900,-88.548559400000000,82_009,4445
35.343104699999900,-88.814895899999900,82_010,4451
36.174557700000000,-86.996902899999900,82_013,4411
35.160714900000000,-87.685237400000000,82_015,4475
35.879135699999900,-87.327674900000000,82_016,4426
35.349207800000000,-87.144078800000000,82_017,4470
36.325921700000000,-86.331543900000000,82_019,4390
36.508659700000000,-86.665808900000000,82_020,4380
35.735759600000000,-86.167666600000000,82_023,4440
36.098456700000000,-85.705146900000000,82_025,4410
36.504115700000000,-85.670034900000000,82_026,4371
35.380139399999900,-85.915851500000000,82_027,4446
35.173548500000000,-85.669351100000000,82_029,4456
36.490746199999900,-84.293202199999900,82_031,4400
36.293663700000000,-84.361305900000000,82_032,4391
35.913512900000000,-84.151421299999900,82_033,4425
36.048750699999900,-84.348266899999900,82_034,4416
36.318004400000000,-82.077151999999900,82_042,4405
35.730465700000000,-83.809914899999900,82_139,4431
26.191254700000000,-97.351996900000000,83_001,4726
27.688197700000000,-97.470648900000000,83_006,4720
28.908333700000000,-95.613983200000000,83_011,4710
28.921545500000000,-97.966668799999900,83_015,4701
29.670650200000000,-94.341560099999900,83_020,4670
29.734352699999900,-94.400705700000000,83_021,4660
29.018516699999900,-96.935407499999900,83_024,4696
29.785855500000000,-97.025994200000000,83_026,4675
29.561102800000000,-99.539333200000000,83_031,4680
30.711069200000000,-94.933649500000000,83_033,4605
30.959455100000000,-98.735155300000000,83_041,4611
30.355116899999900,-99.149040600000000,83_042,4621
30.985862699999900,-99.447654900000000,83_043,4596
31.881944600000000,-94.520280400000000,83_045,4561
31.182915800000000,-97.906881700000000,83_051,4586
31.286972400000000,-99.565270799999900,83_054,4576
31.502057700000000,-99.164291899999900,83_055,4585
32.438856800000000,-94.155504699999900,83_057,4550
32.164943399999900,-98.049557800000000,83_064,4560
32.989849900000000,-98.389973999999900,83_065,4536
32.219502800000000,-99.272911699999900,83_066,4555
33.219533900000000,-95.485872400000000,83_071,4521
33.681837700000000,-96.758553100000000,83_072,4496
33.058159600000000,-97.460791000000000,83_074,4531
33.561084700000000,-97.271300900000000,83_075,4501
29.921483700000000,-101.240775900000000,83_081,4661
29.190425300000000,-103.006520399999000,83_082,4681
30.146591799999900,-102.408686399999000,83_087,4631
33.181165300000000,-101.560120400000000,83_092,4526
33.344130700000000,-102.956901900000000,83_094,4511
34.201597700000000,-102.236190899999000,83_097,4486
36.285316100000000,-101.040263600000000,83_103,4485
30.249570100000000,-98.058209800000000,83_140,4641
33.367787399999900,-96.065128799999900,83_273,4516
29.914157700000000,-94.043250099999900,83_311,4655
29.213332900000000,-97.148341200000000,83_314,4690
29.093908700000000,-98.641677900000000,83_315,4715
29.167985800000000,-103.610301300000000,83_319,4695
30.200989700000000,-96.653228900000000,83_323,4626
30.550429699999900,-98.882766899999900,83_325,4620
30.303859700000000,-99.710349899999900,83_326,4650
30.142814999999900,-101.322564999999000,83_328,4640
30.811127700000000,-103.944286899999000,83_331,4610
31.325587700000000,-97.240927900000000,83_337,4571
31.207602699999900,-105.333915899999000,83_345,4595
31.846782000000000,-106.613197499999000,83_346,4566
32.314131900000000,-97.498195800000000,83_351,4545
33.356329700000000,-100.698950900000000,83_363,4510
34.375472700000000,-101.575538899999000,83_369,4495
36.434700700000000,-100.730843899999000,83_374,4476
26.244908700000000,-97.349058900000000,83_901,4725
40.459141700000000,-114.028648899999000,85_004,4761
40.723479699999900,-109.470213900000000,85_008,4755
39.900443699999900,-111.954376900000000,85_011,4785
38.478841699999900,-113.432540900000000,85_014,4801
37.794297700000000,-113.458617899999000,85_019,4821
37.414042700000000,-112.799832899999000,85_020,4826
37.886720699999900,-110.367439899999000,85_022,4820
39.591924700000000,-111.264632899999000,85_034,4791
40.035848700000000,-113.983580900000000,85_104,4775
40.369881700000000,-109.330947899999000,85_108,4770
39.610740700000000,-113.483710900000000,85_109,4786
39.082269699999900,-110.664901900000000,85_112,4796
37.896256700000000,-113.657989900000000,85_119,4810
37.821774699999900,-111.843512899999000,85_121,4815
37.674895700000000,-109.403701900000000,85_123,4835
40.858326699999900,-109.257927899999000,85_158,4760
39.879234699999900,-113.267142899999000,85_159,4776
41.624776699999900,-111.794281900000000,85_203,4740
41.261310700000000,-111.178793900000000,85_903,4750
41.824466700000000,-111.293556899999000,85_904,4731
41.639847699999900,-111.318412899999000,85_907,4745
43.896638099999900,-72.260861199999900,87_007,4865
43.009033700000000,-73.195365899999900,87_008,4871
43.613277600000000,-73.095052199999900,87_010,4866
44.432419899999900,-71.951991399999900,87_011,4850
44.317488300000000,-72.626712699999900,87_014,4856
44.337866599999900,-72.402852699999900,87_015,4851
44.563679000000000,-72.345897500000000,87_018,4840
44.528685600000000,-73.171825799999900,87_022,4845
38.190953399999900,-79.164774300000000,88_004,4900
38.575886699999900,-78.505172900000000,88_005,4886
38.816333700000000,-78.563812900000000,88_007,4881
38.819755399999900,-78.748981200000000,88_008,4876
38.174052900000000,-77.218479099999900,88_010,4891
37.017887700000000,-81.947623899999900,88_014,4931
37.800816599999900,-80.047449299999900,88_015,4920
37.701444899999900,-78.787212600000000,88_023,4911
37.217162700000000,-77.622343900000000,88_028,4921
37.659501300000000,-76.341427999999900,88_029,4906
37.880000400000000,-76.678948099999900,88_030,4905
36.767472699999900,-80.191855899999900,88_037,4941
36.630951199999900,-79.253243800000000,88_040,4951
36.855972700000000,-78.590811900000000,88_041,4940
36.607918699999900,-78.008847299999900,88_042,4965
36.605714700000000,-77.145440899999900,88_043,4960
36.596085100000000,-77.286533800000000,88_044,4946
37.231536699999900,-78.260283900000000,88_049,4930
37.179629599999900,-80.412986599999900,88_116,4976
36.702173700000000,-82.748076900000000,88_134,4981
37.758827199999900,-79.291687999999900,88_900,4966
37.499071200000000,-76.473931600000000,88_910,4971
48.253339699999900,-124.271835899999000,89_001,4986
48.163150700000000,-122.335425900000000,89_003,4991
48.700424699999900,-121.212280899999000,89_004,4996
48.355068699999900,-120.211844900000000,89_005,5001
48.290565700000000,-117.777449899999000,89_008,5006
47.347546700000000,-124.294227899999000,89_009,5011
47.087171699999900,-119.257651899999000,89_014,5016
46.638703700000000,-121.390281900000000,89_019,5021
46.059968699999900,-119.990157900000000,89_021,5026
46.341712700000000,-117.055984899999000,89_023,5035
45.833135700000000,-121.353301900000000,89_025,5036
48.973388700000000,-122.142699899999000,89_027,5041
48.509178700000000,-120.173263899999000,89_029,5046
48.723045700000000,-119.272056899999000,89_030,5051
48.385634699999900,-117.272399899999000,89_032,5056
47.553498699999900,-120.680206900000000,89_036,5061
47.315176700000000,-119.879477899999000,89_037,5066
47.771734700000000,-118.894469900000000,89_038,5071
46.269447700000000,-124.078277900000000,89_040,5076
46.402455699999900,-121.555450899999000,89_043,5081
46.955437699999900,-120.569953900000000,89_044,5086
47.134952699999900,-118.163543899999000,89_057,5091
46.253599700000000,-121.980849899999000,89_060,5100
46.741242700000000,-121.918296900000000,89_061,5101
48.537497700000000,-122.471992900000000,89_066,5106
48.532275700000000,-120.303367899999000,89_068,5111
46.543114699999900,-123.469726899999000,89_078,5116
46.806647699999900,-122.415786900000000,89_079,5121
47.744385700000000,-121.984802900000000,89_111,5126
48.700334699999900,-121.205153899999000,89_903,5131
47.405062700000000,-117.520514899999000,89_906,5136
47.345145700000000,-122.458343900000000,89_907,5141
48.455210700000000,-117.555129899999000,89_908,5146
46.049524699999900,-121.501524900000000,89_909,5151
37.729613399999900,-80.819599600000000,90_001,5156
37.662765700000000,-80.314361899999900,90_003,5161
37.532000699999900,-81.766684900000000,90_007,5166
38.793061999999900,-81.409759100000000,90_014,5171
38.713303400000000,-81.022268199999900,90_016,5176
38.584840700000000,-81.799880900000000,90_019,5181
38.736944700000000,-80.304428900000000,90_022,5186
38.606475699999900,-80.023650900000000,90_023,5191
38.342028700000000,-80.374235900000000,90_024,5196
38.829612099999900,-80.795179200000000,90_026,5201
38.080186699999900,-80.228866900000000,90_027,5206
38.295834700000000,-80.523283899999900,90_029,5211
38.370766699999900,-79.818115899999900,90_030,5216
39.913942200000000,-80.730485200000000,90_037,5221
39.419931699999900,-80.202942899999900,90_038,5226
39.652653000000000,-80.773016499999900,90_041,5231
39.504409699999900,-80.587295900000000,90_043,5236
39.182389700000000,-78.509437899999900,90_048,5241
39.442239700000000,-77.855151899999900,90_051,5246
39.700571699999900,-79.730886900000000,90_053,5255
39.192806699999900,-80.099106199999900,90_140,5256
39.217515700000000,-79.233304899999900,90_147,5261
38.968603700000000,-78.845352899999900,90_149,5266
39.444335700000000,-78.138632900000000,90_150,5271
38.909100700000000,-79.699424899999900,90_902,5276
46.396439700000000,-92.196410900000000,91_001,5291
46.523218700000000,-91.428243899999900,91_002,5286
46.067095700000000,-91.821807899999900,91_003,5481
46.308713699999900,-91.090056899999900,91_004,5296
46.799903700000000,-90.946860900000000,91_005,5281
46.110563700000000,-90.790038899999900,91_006,5306
46.170979699999900,-89.600387900000000,91_008,5301
45.028040699999900,-92.747826900000000,91_009,5371
45.371876700000000,-92.667388900000000,91_010,5491
45.596921700000000,-92.237974899999900,91_012,5486
45.312959700000000,-91.479362899999900,91_014,5366
45.873772700000000,-91.235313899999900,91_015,5311
45.711441700000000,-91.194267900000000,91_016,5336
45.141095700000000,-90.792074900000000,91_017,5360
45.657262699999900,-90.187286900000000,91_019,5321
45.324044700000000,-90.087509900000000,91_020,5346
45.315092700000000,-89.636940899999900,91_022,5351
45.928475700000000,-89.154989900000000,91_024,5316
45.463829699999900,-88.775024900000000,91_026,5331
45.505496700000000,-88.017974899999900,91_028,5326
45.446975700000000,-87.874312900000000,91_029,5341
44.650991699999900,-92.427939899999900,91_031,5406
44.400995700000000,-91.679373900000000,91_033,5421
44.698908699999900,-90.065094900000000,91_039,5381
44.613403699999900,-89.489265900000000,91_041,5386
44.776603700000000,-89.245330899999900,91_042,5401
44.213439700000000,-89.052069900000000,91_043,5416
44.425466700000000,-88.951378899999900,91_044,5411
44.879744700000000,-88.172630900000000,91_045,5376
44.619153699999900,-88.778877899999900,91_047,5391
44.052061700000000,-87.701668900000000,91_048,5476
44.588732700000000,-87.642533900000000,91_049,5396
43.326994700000000,-90.742211900000000,91_052,5436
43.785798700000000,-90.355240899999900,91_054,5496
43.445750699999900,-89.866928900000000,91_055,5431
43.912967700000000,-89.128005900000000,91_057,5426
43.375905699999900,-87.878570900000000,91_063,5471
42.518084700000000,-90.435781899999900,91_065,5466
42.639142700000000,-89.965569900000000,91_066,5446
42.917850700000000,-88.709580900000000,91_068,5456
42.611385700000000,-88.051763899999900,91_069,5451
42.800517700000000,-87.986250900000000,91_070,5461
45.088469699999900,-90.536743900000000,91_118,5361
43.000261700000000,-89.666847899999900,91_167,5441
46.633027700000000,-91.954909900000000,91_301,5505
44.737983700000000,-91.792296899999900,91_310,5506
44.082959700000000,-89.598259900000000,91_312,5516
44.109510700000000,-87.891859900000000,91_314,5511
44.342915699999900,-88.049613899999900,91_322,5525
44.916006699999900,-110.415664899999000,92_001,5535
44.466823699999900,-109.134407899999000,92_002,5585
44.374957700000000,-108.142737900000000,92_003,5575
44.789032700000000,-106.718451900000000,92_005,5541
44.425216700000000,-104.420645899999000,92_007,5566
42.179457700000000,-108.622558900000000,92_017,5676
42.869168700000000,-106.120002900000000,92_019,5640
42.016772699999900,-104.286200899999000,92_028,5690
44.880807699999900,-110.734253899999000,92_030,5526
44.969270700000000,-108.621299899999000,92_035,5550
44.840622699999900,-108.351714900000000,92_037,5536
44.091960000000000,-108.700012999999000,92_038,5605
44.315733700000000,-106.938078899999000,92_042,5600
44.216733699999900,-106.352004899999000,92_043,5591
44.651679700000000,-106.130393900000000,92_044,5580
44.949757699999900,-105.662307900000000,92_045,5551
44.657103700000000,-105.347259899999000,92_046,5556
43.175198700000000,-111.031516900000000,92_051,5615
43.533716699999900,-109.633613900000000,92_053,5606
42.489120700000000,-110.837165900000000,92_072,5656
42.691683699999900,-109.520568900000000,92_075,5650
42.737070699999900,-108.839293900000000,92_077,5655
42.566445700000000,-106.990425900000000,92_083,5641
42.248934700000000,-106.568816900000000,92_084,5685
42.240997700000000,-106.413085899999000,92_085,5671
42.436307700000000,-105.888938899999000,92_086,5665
42.216922699999900,-105.297339899999000,92_087,5670
42.732860000000000,-105.009502999999000,92_088,5626
42.828263000000000,-104.418539999999000,92_090,5635
41.685195700000000,-106.389899900000000,92_104,5695
41.061270700000000,-106.146301899999000,92_105,5696
42.837252700000000,-105.811224899999000,92_120,5621
44.514015700000000,-104.250495900000000,92_150,5590
42.830200699999900,-110.421447900000000,92_173,5616
44.771871699999900,-110.457770900000000,92_901,5565
